marker_id,latitude,longitude
9795626cfd584471ab4406d756a00baf,19.041691972000024,72.85052482000003
82a31b114c0243859e73c4f5f1332554,19.047690380000063,72.85787174600006
0e93001008714f1da3c40e3317183810,19.039267403000053,72.85491353500004
a41b90c2ea4a405b8a35811cd094ea68,19.04372482200006,72.85004247900008
3e13bed860e9471d9a1323cffd3b6129,19.017987179000045,72.81980024300003
76c41c20947147dca50aaf65ddc5cd7c,19.005198476000032,72.82053658800004
459cc0f22e0d472e958b85734e704c74,19.00195741300007,72.81694836500003
17a95898101040b283e2d1fc7282e604,19.001709748000053,72.81849399200007
6b15dbe1edd64d989146fb1c417bdf54,19.018673800000045,72.81916850800008
cfa96004f8704b63a249a0037c9bdf18,19.001004932000058,72.81754334100003
237a52a585ec4240a952e460a482defd,19.01835715900006,72.81840243300007
cb8226da37b642a19c4a543ff939e3f9,19.01796199100005,72.81869763300006
d2daf4cec36140e79352ae978314ab5a,19.01787524200006,72.81815676500008
e30d3ea9e31f4c6fb3febf872e28792e,19.01939522200007,72.81872934700004
0efd21e2db4b46f98a107c490262555f,19.01952039100007,72.81786931500005
05f1359e5d1a403880efc07c9e3ea6f8,19.019012157000077,72.81788612000008
98caef2fda274089a1a88e4b91145ede,19.080310712000028,72.85698821900007
6fb3457bab1d47c4ba885fb2b337dbf3,19.075787209000055,72.86058542000006
d8c54004dc8741bc8c4b2606adba05b9,19.07161731800005,72.91683116200005
37a0076b2c3e4a778b95d9a7c256dd2a,19.07834762300007,72.84564794800008
225878b44ccb455dbd0acf764be30948,19.055734882000024,72.84233838600005
e0d656d8f1ce45d089f289e272c5f3b0,19.058336590000067,72.84446533900007
ba199f61a02641b3b7766da58528469a,19.077064403000065,72.84410425200008
bc0d656d4faa456293fb477e6bdcb691,19.06253580200007,72.85837049100007
ae5ab2eef702413fa9b9781d05db9449,19.07747605800006,72.84585164400005
0e119000372745d8bffb5d806815356d,19.057122126000024,72.84257840900005
d25233728ac34fecb1a24c49e0c3e32d,19.06255622300006,72.84389299600008
addbccefcb20416e9514af6f3544c1ab,19.079634501000044,72.84805043900008
581dee84b746445f802e2428a37587c1,19.13369227000004,72.85877406700007
a1f6be3864bd4bf7a747ec8a1d42e5f2,19.139143697000065,72.85325870700007
92293f8cfc094bd2bcbc54016b389e53,19.14083695100004,72.86139945800005
385b19e37c124e0181e0447efa9776c5,19.121833595000055,72.84127775000007
c4d191ed90074a66a2de1819b0392fef,19.136130152000078,72.84046189500003
b4871eedbfc64db38e7d69c37cab52c2,19.118127370000025,72.82231329800004
786fb370ce1f4bbf81a3987b9ac6a861,19.144411138000066,72.80577015600005
23575c97de20457cb277662dbb35212d,19.09563540000005,72.89471325900007
17dd76a26c3b49a0b9fab570a4c4f3d5,19.068773239000052,72.87925966100005
958946e628ab446f936fd8dbc91d85b1,19.04327898100007,72.90931475200006
4ef032c892444fb4a0910b4b58cd44cd,19.034097449000058,72.89680688200008
b0661100151f47d185c7b88e504c11e8,19.067503986000077,72.92123974200007
bea040e9b87042439b5b67046ad78483,19.06481929100005,72.92377942100006
848b5631766c4a42aeea9d78f17c5756,19.062435392000054,72.90668143500005
1c1fd72352d542bcb063fb5246e91a7f,19.03067654800003,72.89648767400007
036eab0c59c4462887d9f7cf75c5534f,19.095790587000067,72.90520535100006
2771f05891b34748b093d5dd9729f78c,19.096917292000057,72.90261551100008
14f80916bf57411b8e7ee69a187255b5,19.09547255500007,72.90107516000006
d209f67b3dc7432197b2483575aa723d,19.097618392000072,72.90351675400007
9db664b6133b4440b5d0f88b34f5e8c2,19.104374972000073,72.91610807900008
b4363a43f7e94d91aa0f7f125871c696,19.18841266800007,72.84977676700004
3a3aee7d70044091be68085cb45de5ce,19.14302762500006,72.79245803000003
95b35ce3345a4efc92603e20da02dc7f,19.18816346500006,72.82285887600005
745eacbd9c39494ba81d02c37020ced6,19.190400055000055,72.85752212500006
0e1f1cd7cd2c4e09ab16ee1d3e2d280c,19.187443294000047,72.86468327900008
9efed3cd071b464188d1060f9244f85e,19.18497540800007,72.82080140400006
a1f42d77e11d442cb292d00f4b4c72ff,19.18560224500004,72.82084449000007
8390fff0e18545ec9991f7cc68a0c48d,19.240900619000058,72.85999383000006
641465e781244ef79782e5704238ad71,19.257301175000066,72.87505035500004
dca0eb40887246f0bb084ed6c20a9b67,19.255452959000024,72.86739020700003
bdaf9a94603b45b9be9cf6e920be28d5,19.19958938600007,72.86403704100007
2d113704d9f04ec8bad3f510298607df,19.19049947700006,72.85939303400005
e8eb18b56387425dbe2dae0ca5d27446,19.16279006700006,72.93112210400005
a4522f6f78324d33a65f937dab8f5aea,19.12836161100006,72.93512059200003
aa808cf0456c4408abd32b511ccf4672,19.124300408000067,72.91806422900004
8a57e2ed9b274f3981c4e66ec098b1f3,19.115775391000057,72.93326254600004
c97399a8b53a44cba915e734b1f14728,19.13608530600004,72.93850292400003
677487aa2e44475397622c52a859599d,19.160508221000043,72.92951270200007
6702089b38194b4babfa8af6ba81f393,19.16344982000004,72.93592354700007
c7f7c623d25f433d9e0e9c64814f50fc,19.161125259000073,72.92957415400008
83b964e87db0460e89e6c26ae9e03ca4,19.165588204000073,72.95062667900004
7593eb8cf129434a93c15f3c4878eb43,18.96328096600007,72.82193869700006
64b129cfaca84e88a945d2a9910cf5b7,18.97121786300005,72.81615550800007
9ee588bf3ed2484785f525c89921b832,18.965689033000046,72.82384359100007
54d1fbb4ea0d439582d5fa74066947b6,18.963369322000062,72.82348913300007
42870cdca8ee43828e4966b685c91551,19.08654117900005,72.88280617600003
7beedbc6e6d0460d91d873f5289361ce,19.09323004500004,72.88264976100004
f9928aedf481474baff3af28e2850ba0,18.91820679616992,72.82466783514951
04e8ac162ed045f18579519e3172ed91,18.97920903427471,72.82740639624978
b8d44def28e24c789f7186c5fc319d36,18.96552988800242,72.82531287437564
257389ce81514ae3910c2d26f8e81e8b,18.96971264165106,72.84194449407565
4e04663bff314744ad103ce31886f630,18.96102937556583,72.82614395453689
faaae28b329848af9f3cc904a2597aed,18.96280629630638,72.83180850194071
230f61a6cd914f219ff3aa2f9330fffc,19.02296329441896,72.8707374045943
04670804443941cd9f54d1c010088903,19.02804451927894,72.87339361227305
e7acdaa4a549471baf15c9233f137bca,19.0276777,72.87024559999999
11ee0b9659ad459cae4992753e566941,19.02245524219123,72.87035876203905
a47e12cc1a884e81a11f41b2c00d39c7,19.01594201636252,72.86459743933852
033552cc857b42918a7b1949b5158200,19.00588495770202,72.85492723138128
ed90c0b39f074fffabb415a822eedbb3,19.0055033555024,72.85497499323805
9f55984365504fcda8c55fcfa38fdd87,19.0414773,72.8484537
2eb40865437742dbb6946b0446a64b18,19.0097346,72.8255543
5b3012cafd844326bfe091d21665f3a7,19.02163552269838,72.81812809953696
c4463f4fa98a4193b1fb39c4ddfa79fe,19.0185886,72.8188249
da88219684b140c0be3452db5a8776cc,19.01747046395444,72.8202652293119
60451af0545d495bb7c9432362b6a0d8,19.01751015045863,72.82032885506361
df4886ec139c46cfa6c6b8d24b3b1d8d,19.01728557984215,72.82028873932421
6d825a725f2842d9b53b24cdf18a3a9b,19.01848536837272,72.81933247601101
8a2ca3292374428e812855c6bf5d541a,18.99259722335193,72.81860268592595
68c1c04748a04a6ca5a9270028a237ea,18.99275572524642,72.81922314393609
fe1fa0e288d84b5caa6785e4d5f9ad75,18.99230948632588,72.81832995692092
525f4174628c4019b714287eebc7e863,18.99288364253429,72.81993259850987
7245b04bd90c4e64af1468aac857d806,19.07444236466082,72.84233563066294
ad3501a273ac43ec949638f277de2e9a,19.0567414,72.84165109999999
b356cdd6a3904c66aac55ec01e4aa3a5,19.08701255492469,72.84541242234782
6240e1fb86204395ad7c719593451195,19.0650798,72.8565769
8d56d1c526164758a2b6f3529e389b07,19.08154070356635,72.85412494816593
0cbc7ae227054af0a879ded6b59e5b95,19.13219749090547,72.85625580658747
5b2565349ded496d9e34f2829074f32f,19.10794573436695,72.8589177997727
c7e03abe38dc48af856cdae057cfa5e1,19.13351105241615,72.85791979528604
56b3c2680b7943bdb25251fb4a2f43ca,19.12680647922856,72.84890382165267
b6fd308cd9a242199847d50a04a43001,19.0912396,72.8461938
0b3606efbe814dd6b4d27f124630f028,19.10444256955326,72.8588016868696
cd4aba6817d44b769b7c1bcf969741a7,19.0957489,72.8372886
8163ef2a2298477cbc996f1a511c94be,19.1156666,72.8398471
9faf1d80188b46efa97666f69dfacfe4,19.11154079776221,72.86801623576561
1b5525451929438abc777089ba233436,19.10459847451114,72.83969093313843
2b175e9085ef4b418507d0f368951b80,19.1481828,72.8382859
657b67cf6fb34fedacb33e88c99ecbf0,19.1447666,72.8395335
d82d91b175d843ef9b54e27a66c0d729,19.06855084885717,72.87485988071177
963220403406481a985704d40b49070c,19.07143306273204,72.88044628080176
74292f74c63c46baa382338282363b37,19.1023426,72.88829659999999
a7b6bd993a05401ebb93d25c8ee270d3,19.02170972486743,72.81807286522107
740cedb7cbac43fc93348a8dae5b9bf9,19.02170022182498,72.81808054625674
a21a6b453c324708bb5977f5cd5b1697,19.06097900000003,72.92562700000008
6865e206574242199e753a307c175ddc,19.140058533000058,72.92969351400006
ca2470bf47d740a3b3643a0364b2cb0f,19.15823098000004,72.93480833000007
787cf5de5a1d4442bbea20f51f3b5f1e,19.163992113000063,72.93615200100004
b7265b8040b445fbaf44fead49529695,19.15105310000007,72.93590310000008
7eddd946820e419fa3f286794caeab9a,19.06380500000006,72.92309720000003
d86c830fd4354dbcaf238e210be2971e,19.06461470000005,72.92438060000006
b947186dad114c9bb3b17751c7fc1126,19.056939889000034,72.91423245000004
533f6bb9605444a393e05814dd9d1255,19.061277731000075,72.90787836400006
07d604718af74527b0c241ede744a08d,19.04678400000006,72.89541220000007
7ee00b322add426194fa124d2ec00fb6,19.033516000000077,72.89617030000005
246007d56c724b9790e44616de83fa76,19.031168765000075,72.89623193800003
ed2020ab5bed4fb59926ab0e16e8db9c,19.044386648000057,72.88954491700008
92c13d1227464e508a27ab4d1d4890cd,19.060336850000056,72.88454790000003
78805d4a04dc4ce09a43ba258b092c2b,19.061279200000058,72.90818430000007
f1b1f9fc1c3e4fafbf3d3dc4224eb474,19.051802500000065,72.88662380000005
dbf432254f2941ada5bbfc79597cabfa,19.095527121000032,72.90004929700007
8bfd72444ad5452d9fadf086c87a80be,19.095919700000024,72.90551690000007
5820d78826cb49a482a42d0b22b5ecc3,19.099685300000033,72.90289370000005
d8bdfb976d2547da8c76dabb4a9d44c0,19.093636238000045,72.90381498400006
219b5bc18cf446c38f6cc45f63f9fa56,19.09933250000006,72.90286780000008
bc65d2e73c01476097f8c2adb66181e2,19.102050000000077,72.90877440000008
b134b67205fd4fa4b2f001f01deedbe3,19.074525528000038,72.91376147700004
9bd3e0c846b24f80a9c7264ad5782f40,19.099273699000037,72.91670991800004
35c69131b7cf493fa898f993c3e64a93,19.072405400000036,72.91409200000004
eb06ffaf7ede4fd4a1bd8c80fc206ee2,19.09033370900005,72.89895949700008
92627bceebdb4a33931284c5a02f4742,19.17825285500004,72.86223807000005
bf2111fa26554af6a683ca7255bcba28,19.18779420000004,72.82361530000003
eb2c512cc57a4242ae265aab99fe98ad,19.188176183000053,72.85088855200007
92a4a16cb17e4b6587d5fd1b2e744cef,19.189522453000052,72.86554153700007
85a2ea06c71743f683fd325b815199c1,19.188322500000027,72.82310850000005
704e7874ec8a48baa099100b8d44c9df,19.189758934000054,72.85685693800008
c3b72984c0ab4324b284bfedfbb46290,19.170750359000067,72.87787931800005
194da6f0af1a4b1ba1429316e47f42c9,19.18579610000006,72.81704633100003
8fd2e3468f194fc4937bb2f56fbb59a3,19.18437903100005,72.82304687300007
d688c21c1d5d46dabb1305a0b1688f0e,19.180259400000068,72.86128000000008
b9f1e6cffc014e52925edc4c7cca34a6,19.171587000000045,72.87878300000006
0528c7e32d0e4904b4ab92619fefd1f9,19.138673022000035,72.85367576000004
9163c37f8630456b82fb34d05489223f,19.17184910000003,72.83825470000005
ad63c1eb2c7945fd96e16fef908bdaa4,19.239500216000067,72.86063629500006
3920fd05e45a4159a50690870ad762d3,19.255298550000077,72.87584095000005
24cd35a077c749e0900e3fa8704ab0fa,19.256246300000043,72.86491405000004
add03e04161546c7bbb28da07cf59d58,19.196305040000027,72.86486190000005
0de128e0fa0944e9bccf3596a403dbf7,19.198057222000045,72.85995734100004
2c63d29963b44428b3664e8f3b7d73d9,19.203754296000056,72.83185210800008
0b2f0fbc70df422fb0f05e1e07d3d48b,19.158754357000078,72.92865383400004
e3405749dadb421689e3c1a524add7a1,19.13117905000007,72.93502045000008
dd2b662851064b85bd81925d8a0494c9,19.124386924000078,72.91879652000006
717809fabae641b89705801e105afebf,19.11762580000004,72.93276860000003
e6795b8a4ac74191a0b08192251e36ac,19.135759767000025,72.93830499300003
d2d98ac3876041188a8cceab8431e1de,19.166010079000046,72.93510986200005
0b4e257353dd41fd9ddd03ba4b26e8b6,19.12014080000006,72.92926630000005
370fa542eeee46d2a05ceb227254f965,19.166543250000075,72.95051435000005
6dd3f6d5efca408dbb3e9529667f3e70,19.118538889000035,72.83677777800006
a88c309a7c8f496fae2f547ccea8d250,19.056800000000067,72.84181944400007
292569ccbd7248eb812a25355783797f,19.203413889000046,72.83129444400004
eb3b44dd869845d8b2414b515e123cec,19.16785555555556,72.83926944444444
78c881080b65459fb5384a3a2aa56187,19.014363889000037,72.82412777800005
295ab182e82d475e909c4718a6d0dc0a,18.99245833300006,72.81870000000004
23cdf74be3504a47ac1336c19fa70b6a,19.17902222200007,72.86228055600003
0519681ce0a84e75a46f41d90ed22e63,19.08792222200003,72.89837777800005
1915e504be25498c9d4b3750672d5fd2,18.973937765000073,72.82710467400005
6b1804a93ea34cfb96768594f9290b55,19.058625000000063,72.89171944400005
6e08f879d32d4ab2a611bbb6dd713222,19.026408333000063,72.86132500000008
2790acdda0744102b66be48e60824429,19.09348055600003,72.88287777800008
85b01fcdc8a74cd1baeb222f8ec3d27a,18.971330556000055,72.82773888900005
fb8305025e5541069d1b96b768b2dccc,19.180404113000066,72.85017372800007
5d04aa50ae0e4705aabcf38d9e35851f,19.103522222000038,72.88942500000007
f2e9c3dd1f074c5d95f8315456063435,19.077519444000075,72.84454722200007
f7a1a687cd84458bb0fca7240dd06b46,18.974183333000042,72.84828611100005
51e7dad5163e40478259fb33b8787bcf,18.97535000000005,72.81226111100005
b7080698fbbb45f899ead8a0fd5f7432,19.056780556000035,72.84175000000005
ede9eee1b9c746458a64a6ddd08393b1,19.067725000000053,72.84560000000005
46ed1527bb0f4f9cb288de87fc3b0dbe,19.063130556000033,72.85412222200006
12a3834eaee64b0da25715951ff8e26d,19.0034957,72.8205292
f42da16dd34d407b8f79616354b4eaa6,19.0076064888531,72.85458910596239
78d2f3fa770b470880bc902316190e76,19.0671855,72.83650829999999
bb09ae29b0d54eeaa45ac9629ac7525c,19.0683073,72.84490140000001
6d974c146ae74bb0ae663f9dd3eb64d5,19.10834929026186,72.85911518632899
6f9a9c0e5fbc4a78b7898ff79a3543b9,19.0726016,72.9133536
6ae031d2caa14c49902803a6e33b9571,19.1262049,72.8493324
94de431a2c7d4bdcb7a27e2599c6b02e,19.1920911,72.8662232
dccd7bd5fef0400db4353fd1577c47ee,19.13643289493979,72.84659276441087
4d4c536c2b414fb08e621f442b524f68,19.1047136457422,72.82883576350815
afcba0a4263b4e289fafca9a0e048963,19.09561189785627,72.83682439438874
efcb1b5ab7b544e99380e714a017dfdc,19.121501,72.8413995
a4c2cff2624343cc9731510677261b76,19.2578774,72.85204499999999
a38196fc6437446da545df3e6efd8c7b,19.16526649391617,72.93240774657114
e6770a54b0ed470e89e6b8be40ea3099,19.14012549246693,72.93015575547555
0776e93b22584782aa70bc6c50d90c97,19.17134177376156,72.95345676475453
dc18075b59894dfc8d53df12b72f92c4,19.12486163375296,72.91693322250231
6aaf79b3382c4da3973311aaa6d75ced,19.12486105361848,72.9169122259238
4654bfd961324cdaa61fdaebd72f5c83,19.13606380465565,72.93824274348354
3fe85ecc9a0a4b5aa92c2059dc8a6424,19.1610323,72.9357215
4209c416750a499c8c03c7c5432ed615,19.13997855093426,72.93009298018791
ef71b9689b8d4e76af480730e5c2805d,19.12460920651214,72.84538538348113
e6b8ac09eb684dc187fc472f244fd5ef,19.13255149951325,72.85642788434376
72544987ee6a4b1888d4bd014b9c4386,18.9717666,72.82660000000003
1039461835bf4d5c8f239e890a52fb56,18.97563119840761,72.82953529948274
4b5f1c1aae584fc8bb5178acfbee0210,19.01858859999999,72.81882490000004
52bf6e5de4844eb0b1d9e7561a37acc5,18.99141800000001,72.830998
c701d0469fad49979e99ccc3e0c56913,19.0732146,72.84578580000002
61e7df0e48524d3c9205db189cacebe5,19.1783459,72.81644860000002
418f8c760c3f42a3950a133557bd86f2,19.1893374,72.8183134
7f0d67612fd64685bea4218643b17a61,19.18343078336639,72.81842621230511
44e61d93b6584e9a9c8e4becb49bcb20,19.20378407855691,72.83132614947365
c9e31313277e4678b2c1e06c0754ef84,18.9662344,72.82341910000001
28cf88f454b849ff9c18a4cb5ff2fe5e,19.00187573734854,72.8549131627703
1e1f6d3c41a44239b90de9df29781db9,19.010202778000064,72.82756944400006
33ea3ff5ca6f48a59f7fbc6102ab98d7,19.068630556000073,72.87996388900007
1240e1cbcd114ddc824e7d8ac37fe0e6,19.059900000000027,72.88810277800007
14eeaf0b7f0244158e986c5441c27ed7,19.062763889000053,72.87304722200008
db29f27cc54143609d327756f7fcb59f,19.090761111000063,72.90501111100008
4715d6da452b42d5b2f0c1f42b7e1da0,19.01832222200005,72.86669444400007
2d4f04cfc9a347168d74b5c272268c8c,19.14137500000004,72.92383055600004
1946c6ed6c014b5b99aa12df8f380d71,19.15640833300006,72.92680000000007
e63007bf02d546ae927477b13ccf7407,19.092902778000052,72.88258333300007
6647ae76d4a84d0783e819f2dee6499b,19.068316667000033,72.84491111100004
becec553ab7c40ccaff221d92f621ad5,19.06312222200006,72.85413888900007
0cdd0ebab2214ee3af1d39ea99d3863b,19.060572222000076,72.84231388900008
19a26ef7b8ee4fe88ba3eefda15620a7,19.086686111000063,72.84411944400006
f98d69de3e44479499f790106feb97c4,19.07799166700005,72.87481111100004
06cf029039474d11b7a7ea5c0a398992,19.086866667000038,72.84554722200005
ac2489ad1ec44d459f4d538af831e1b6,19.063352778000024,72.85695833300008
387c79f2ee1b4bab8aaacc01b61a3427,18.97358107257152,72.82819127779756
93168cf9b97049baabdf073f7c54d6d4,19.00764237417611,72.85460306006273
5d05d7ab5dc041f3b25ed97b09aa4109,19.03527811054335,72.84033859611871
8a6627a86a9a419599a8f5ce404fda5c,19.09952416273312,72.8503605096011
1d29280381e84513bf9dddb0b811333a,19.12888480057469,72.83179699821888
569ed8fc140c40f99e7054a2cd59bd25,19.07056570056708,72.88114190134193
bec19c752c854236a460d2a1429a8069,19.01706077910868,72.85842755262297
79509b6bce834083af13de3201540462,18.9608691652865,72.80976910638519
2100aa218526440c811239bea0ed0fc1,18.97692299925036,72.83013999864153
800c0f81d8344ff2bd82836e9b917c31,18.99132330006626,72.83635230117667
0d9c127690074f59b3d472de6a9c7bdb,19.07699469548021,72.8670808280763
fe724285df6e4e76a9ff58da1cfba2c4,19.06527948071137,72.83153811906516
20bcf40b40d043889ab2d0d7bb4217dd,19.12938819950573,72.84720899913435
81476b6d82164a63997be5126bc318b0,19.08448019897095,72.88669256813886
035cd2955211437089cb30447874e9fe,19.06330897835481,72.9168835209811
ca0bca0277e54a7ebc46a7021eb75344,19.06853523898761,72.898013724631
8d8bb5aedbae404786605c618a8217d7,19.17396856572831,72.84630525173975
04699acf6bf04c50ba0a69664124c66d,19.0130725417454,72.86144910634152
334a5c535e934e44803b145f8483a3bf,18.95419370915071,72.81652550739392
78fee0c22e574034aa1cd262e249fe62,19.0333931924099,72.84237937734927
45ab4bdb2af248d2b7b82f256f716b2e,19.07996722856729,72.85186629825503
e78b2631379e4da89e468a04a5879f6b,19.06184079698642,72.82633841875634
334f6853d371477fb3cfa2f43b528d27,19.11987853277129,72.85333609070446
c653b66e06cd46fab29f3cba7e81a0b1,19.1016106896019,72.8429012678552
f471b6056f6a4c6980974e9921162311,19.05924054971151,72.90605517320749
0a2191cf7a654ee5843560019ee0f964,19.1909158540494,72.85697812795233
366e8dda8bd6467694b146101455f2b4,19.05176531629363,72.86876974986349
9abe4f1380654c268ece3ca38cc6552a,19.13943599981226,72.8304669998353
6821c9f465304d0eba4bc0c139c2c06b,18.96162694723421,72.8098051514458
0f483b0b3dd2487ab261fc5d32cb0e82,19.0037054999598,72.854641700316
cc21431791d847f89e6c2d73f09f511b,19.08091769997176,72.85052099978601
f7478ed8d18541d388e2682dfd3c202b,19.05110745357235,72.83811031175144
6478a063026f46ecbf3b6744ee0026d8,19.06838820369764,72.90118933556379
5ca8046cf5734d40852a65b9b5ce82d8,19.19852462089984,72.83819434321698
dc59ec46f55543e992fd89ed32d2b257,19.01757143368614,72.85470573257719
32db630433874e8b89bac01823d1c38b,18.96679090989981,72.80359900257447
59f8305c638945548e28c47c5c81f1fb,19.0047532337361,72.8542365926646
5fbfb8aa7af54141b471fb68c71ddafb,19.07186710058384,72.83189480057868
7eb41a398d9a410fb78dc43e72187356,19.12935880004547,72.82793449917801
4035d1fcd6644fdeaec4ef55a5442afd,19.0623134004569,72.90236590017484
dccb4a84ee8544bb85d2269c6f191fe1,19.1843466952888,72.85297987264853
35981f148b3f4edbb11a79bf4f674b2e,18.94860325856298,72.79673496472486
6294b1a82e5f42b5898861f7936c59ae,19.00648138053184,72.83909133816472
6013edb891e645d5a0ed9e6b4fb9e71d,19.08417945767946,72.85655347802563
489a1f9189304780bcf07d85160dc6cf,19.05134486335542,72.83802131167089
a13def5baa8f4701a687348d0aec3024,19.16840665401436,72.88072014336265
f40b3dd1d91649bc9d309d656af4a44e,18.95640253178899,72.80970322298411
0eedfb9c01be4111a07b900b41bf2cfe,19.10846073173013,72.84741959275999
19934c837b6142cca90fa4c4243090f1,19.06890780056952,72.88148879845679
75e16ea9eb3a4a779bbe233a1a00bcb9,19.19041669914858,72.8447859996975
32a1d3ef4de845618221930adc58e4ef,19.18015358202469,72.8612810261699
692369b765c64c23a458b41fc96cc00c,18.96371375732686,72.82159692418315
e20d5bdc18a74ca6bce75a844892a858,19.1315240986456,72.83737529970459
33c2ef4b7b4d41228e9e30436c6f91e6,18.95873689508986,72.81309186956267
5aef1413b0c44f9ba783f129a46e64b1,19.19130670024387,72.85477880019674
7f38a4851826407383e7331048b00240,19.04252623436078,72.84860047423224
4d16dc847d254f6eb4b1600629150729,18.95573965767439,72.83465297601957
28dcbddf874647a3b0257c3fc0d7dc6e,19.06804209869329,72.83035969975269
95c18c663cb146258a0880ca8a4002a3,19.12477400161239,72.84073500080945
9243f95785a043b49cb0064b5c205a1f,19.08515914687724,72.91089749451115
09c328e5f9524884833aad7c50d07868,19.14591470015221,72.85743459949869
98588461a35d48f880c49a62d0637b5d,18.96366310638834,72.82076340101509
194ad67a3786430fba59e0f85da5e806,19.1059825654918,72.83092712950975
4101455131f745439f9d73c4a1b17f54,19.11367847812761,72.83754002883059
419db63154484e1783d5f9d0e2e2a836,19.11439161336555,72.82710780554929
8ae8c84c3b144153b6d4327923114c8e,19.11791968983483,72.84025906804355
e062095cadca49e2a6286365e1796ad7,18.95345324199871,72.80619073784844
4d13c295d98f401d9233d5320fb1c5df,19.17983885254994,72.86365680986358
4971db60c9694d6290bdaa15804c65c6,19.14411440020745,72.83854609965896
bd10cae254334cb29d3fbd48a97ee6b9,19.18579721799883,72.8190250943468
97896ab88a41423897a963c6a2cf364e,18.96156710112902,72.82123674039451
e3eb49dcf1ab4f7195984f32acbdfa62,18.96494001270727,72.81965254520328
f54e2343d64f4bc5b354d1dd7561960e,18.96394112501762,72.81041860429852
82fbbf5594474e99a6ed47b17034c2c7,18.93452541830031,72.83641077784328
ceda782fecdf486d845e6456e38a5286,18.95233507140767,72.83440789142435
81d624adde3b4040930699e004ff26b4,18.95764931897959,72.83151239891433
9418bcff103144589675f4c29fd930b9,19.04363890009815,72.84995790092489
8d95a02ae1ff4f30858f8c10272a7ec0,18.99196790514752,72.81775716178409
38933976acd94e2f8897cb9692245ec7,19.05463498042277,72.83236681467743
7ffbff75368e4c11ae266ce14b0b0cd8,19.12869021115957,72.86779607758176
93a52b93cb7d430dad2691b1d0a53571,19.07043859962363,72.88029069897017
8d82262eec974ea6b5389cf81b25d921,19.05840073080026,72.90080284214432
cf5b717f9ca6473aa527311c513b22a6,19.17438190122677,72.85367340062878
277b01f12d9b4b65b42bbcb396a8e476,19.23158763497941,72.83848845147135
2fd5e786f64243c7907f12e217f313c3,19.02479940254987,72.86654970070214
15d14512b64649e9befa8343db3f0644,18.97302991187591,72.81515646083801
1121e034fb9b494bbe05d813fbb6bb15,19.128385315892,72.83359826528728
c54409b3df87447bab3d457352d77722,18.95642640223018,72.81308495457282
cffd692ac59d4658a535aa1e6d68db8c,19.095851679272,72.84014426524446
043eeab1fcfe4d6ebc87c35316d4d7f3,19.14139897355685,72.80671912033466
853e4f509c70442db9d0e4356605f9ea,18.96569416268198,72.81339531220519
2a52d85575c946788e5c62518b5bec70,18.95489671687805,72.82240452627661
036781be372c4ab88649d1f4d42513de,18.96845021814094,72.82254177350617
7d85662febf14a2cafa1bf4a8c28bb12,18.92156681802486,72.83228100093567
318f26f561974f0bae1dc40ccc114999,18.95770413418953,72.8366787421493
1448754ea47642b1a92d536a6a0e2823,18.95924359636312,72.82760318369158
3abe369ec0754ac69d2e7ac3fa4ebf80,18.99367330045698,72.8368930005215
1a6cea4b24f6450aad2ea7d780b24ef7,19.02315925774155,72.83421819398319
7a5e09a0fa8e4a38a99003ca078f6405,18.9952865094402,72.82119253232985
f43370f96bf74dd2941c23004cc23333,19.07448920222779,72.83698530110755
694a87ac55f74c99b0cd3a9f77cafa72,19.09401310101867,72.84439209980565
b711f131445049eba91b50ce8d5f332b,19.14480100092363,72.84076100109814
5fbb88022bf747028daad18dea1fd13c,19.17612409915269,72.84443979920837
58f4caf4e21d40239d8a404af66141c0,19.03795160807325,72.85956456476535
75da38b8e1da48b0867571bab78ca585,18.95567677838397,72.82030816702733
97afd9eabcaf47c7b68a231d837d3e09,18.95403805772641,72.8333698831657
013f30f05774464597813694a53a6361,18.97308107343798,72.82557268082134
277bc4bf51244ec2a1c80ee1e9a4b621,18.99076126945868,72.83659405557796
dad8f88e445c4611a3069ee341365002,19.0706594480422,72.83625993371663
3e10b958e02a4131ba80d58da2e744ea,19.09573516189392,72.84659696670086
03f9056332594fb7b52c905991313b2b,19.12693997588879,72.82494255374525
2185061067184e318c75f492d692da3c,19.0525582473855,72.91082055166858
f72a82e9623442bd95bc696defb71b4a,19.07538880001521,72.91242049986742
3291d45827cc470ea7788b070c960027,19.17045159949196,72.84311890004268
64733be45988400da60d056511e0075e,19.03482733781931,72.85716533089918
ba92464798f04d3793de1b2fd2c72aa7,18.92380419791584,72.83177018027394
64d3729b7b9245fd929fb17042a467d4,19.01501899918175,72.81752900023633
af254765dd1b4ac19a0b81f4daf02c4e,19.05194474637618,72.82233891647793
808c32b4907344609167cd6a5afe61d4,19.07624796577155,72.87818323246717
16e0c5363b9a4401bd89c252db9d4284,19.15757853949804,72.83750158881226
aa3f38d717d8446d8cda6b7e20fb369d,19.02367680249057,72.86751984937196
527ea907ac894ad59e8a91b4b8b4d224,18.97688868938127,72.8245909737755
dd741033a65c428b85666f430f4abc52,19.00434094065949,72.84294171520754
47485fa04ae146699180d3d2da49716e,19.01837719743785,72.8376513452927
9bd04fe146234f1ebce6d56b59d457fd,19.11920580051535,72.8432858995386
2dd071dd95b64495be8454a01ff932a9,19.04671400004867,72.89526209991986
513ecd8a08df48a18d272acd1f1791fa,19.16321210016212,72.83504380033443
b1baacff0989417a9a2317e1ee8fe664,19.02543730124513,72.85979452744793
0ec3e3d309e84d83bbccf32f8218649e,19.07554433246204,72.83448866460277
550efd5b07044fc7871f757e3ebcd9cf,18.97464495635043,72.82651562073673
b1fa5840aa644e21a4300a8466e25f68,19.00512767077463,72.8384526615479
fed8fbc1a8d44a8b98280b9a598b875d,19.01915250043507,72.83784110052099
559f104bfe9843818dd4b74692058467,19.0659747822005,72.83273244196468
88fff7dd67c14160860295708291ba55,19.11799970038123,72.87803739950975
2baedb18f0aa4b2fa23066300a807f73,19.13682454728122,72.8300550757174
db403aab039f494aab179e251242256c,19.18682590000995,72.8324187000668
3c42e8e2db3445878e8ae60b13f57e07,19.03408418379157,72.86449421138708
a8cad0c24c704076a6762a4e161eff99,18.95748908049424,72.8154273063236
d64a16b9697c43a0a134f55a5598f0df,19.00429543289544,72.83777706946024
9c6e11f071004a8191a46e50f502691e,19.08453970876808,72.83558818667073
2e72882e22ae41f2a05bf957bba4d9b5,19.09393493561787,72.84485483772468
8070d40cc1f64156b3b41ff052a8402e,19.1407370683662,72.83404672126117
d2307341a97448879b38bce1bf078cfc,19.06792045384607,72.88102301119729
7fbf759962b448c7942bb8e496d4cd46,19.0519766022141,72.92671793353959
70191b1dd5f3488c90770ce1c4d56339,19.06808990065536,72.89449589921708
83fa8a29b0da4f56b2581ed10c83fb8d,19.19517419911304,72.84173629979354
de7e0189687b415893ca8218da97657f,19.15910000081551,72.84760200051514
4e58c063c85c47ee8a329eba4412d954,19.01161317700957,72.85651402577717
d1f5afe2f35748e1ad9762b30092e5ac,18.95671811361133,72.79948921077431
58f5e10bcfc8446aa3045f90ea42f687,18.96732999920528,72.83910999912936
b32ea2cba2804042895f2ee8de19413b,19.05507717104451,72.83742301752646
82db4813069d413db1eace03208ea5dd,19.09641370006915,72.84916050024171
bb7ccae673334ba58d4791ec76a2a494,19.04677011350242,72.89344832636205
1657676ca822476ea6c1580e37b3f588,19.1572488926613,72.83307611374319
cf35f7d5d3ff40f09e9dfb6a44809b22,19.02144220299746,72.84822927534336
65012e3416a24eb3885dfa090878144e,19.23692268964234,72.84220703236863
3aa9b3f0cf8a481782454a668c8686f8,19.2325083805349,72.86004746455633
afaeba28bf664980b365de2c2b2d11ea,19.2303818659108,72.82724671753233
3e08e86bcbde49dbbaa1b331898f65dc,19.24486717756416,72.84953588065856
b03d2db41ca64db4ace649ac8cbbac5f,19.24896701644581,72.85039501699657
fdca1f247a9149af9bdc05c85fcfca7d,19.19378279195065,72.85883772103061
56cc83eed36045b0beba27e58521e35b,19.20057779943126,72.86807219901337
1497bf90ef9340a0b876734f49f2ccf9,19.20736033533321,72.81977715259843
ed43d5f6db614fbe884be2856ba9c161,19.21036570278617,72.86568642480607
110a2ffd6a07415cbf2c94cba0f02e30,19.19827942239157,72.85432179120784
393062cfa82a452199e9b0f10b83c41b,19.21161665775317,72.84251673249412
bb9a6cb059314cfc816d49144bc4a585,19.21132252239151,72.8732946446191
800c93dbd84b4995b54f66d0725870d0,19.19821808559484,72.85702182052151
557063c1f7ae4c6ba70f60bf8db6d87a,19.21301532345382,72.8415009464576
bf910b59acc84672813844c832398b7e,19.21185534157447,72.8516418566863
8c51fcee3a2845e9a44550d60ae361b6,19.19505911291497,72.86733716483546
bb671de6880045a1bcb1494b99a4e2d5,19.20141878575375,72.84210039343505
abf4356c7b23497bbfff23df6e4fe483,19.21648885735142,72.84569676862795
0959db43ab6644f690b1aa235ae3d2e5,19.20661649962296,72.85040409871917
e3178e306bd543f19656310bedf8756f,19.12302909043466,72.91637099186661
dfa35a15c248404f881fa18a8bb93dd4,19.12167399056887,72.93912895666386
5141b121104e4f3e878b143d985f490b,19.1447462723338,72.9329486837595
b36b85cffdcd49579becedb19ab7477f,19.14959293075718,72.94582136514298
7233c30f264e4fc2849b9346cfdabfae,19.20827467432127,72.8323169699333
bbfcf8c7339747b687fc308572b51a94,19.16642353291165,72.92747930334731
e7fd7a224e3941569f3a99f1e43f3733,19.17414334136941,72.96243320666285
ffe4f4afdcfe4e1d9c22a6e6b7051f8d,19.16339407384781,72.94483625566802
1ad5257e1a4f4e0a828aeb6e302e521e,19.01730156437571,72.81922835574561
6a37018d66404cbcb28f9311e25f5cbf,18.95845886654826,72.83547541671486
002f653717444db083d79c2ab05bc375,18.95629257860853,72.83564771070274
120f60f8b3e74246a891f379ebc34f80,19.16066549990866,72.84871440038823
b0f4502b2e424bcdb4de1519b5d1261a,18.94942490024278,72.83568129830951
4b1f3c12e97f4a33a18a9713c766a88a,18.97524860076407,72.82382180037979
69382a269d744581a1b3983e26e0d8e7,18.97480981114631,72.82624095010003
fdcbd9fbbd7141128fe7e9d432149442,19.16144100049506,72.83414650056405
e3f78a4e4aa542f0a2a55cc78777c74b,19.03344767921452,72.85931359583236
286d3b7df5984386a2b8e0c84e6d8b08,19.04185019360662,72.84822475800539
d15589b523df4e5b8f80e86d7f99febe,18.95019627891617,72.83891488889894
4f80f3909373428dbdd07f1a3b636dd7,18.9690894708455,72.82832897304651
5deb35b4f7ca43a48c48abfb02b5c3fd,18.96521768508955,72.84138127778964
1c6224bbb3704787ae140b7e8a9779a3,18.98563049970605,72.83137699977947
6bff1b1f67b048329332c219d046c1c0,18.99430915006503,72.8447583497175
1846befbcebc49308f4a397961e1c170,18.97440913376164,72.83234188462139
21f8e035ec294c4eb5b8a152fa09f903,19.14829666207511,72.94465870066692
1a9b820b22f7403288e64cc4cc2408b0,19.12840599845547,72.92525409846182
f9e6c9f1dd4b429c8af8dd11aa65d110,19.00558071101374,72.85414154401901
9bf70563de664dd98676a8362b39a06c,18.97302309935158,72.82946620026283
da9ab0b5a2604d5ea919ac0b1d88095f,19.01749964617516,72.8207839224221
98a190dcacf74d6ebb4fd214296e6aa6,19.21211643273198,72.84074746570468
fd58fa30fb334019a942113bc9fb32ca,19.20169804237701,72.82654635237654
47ebaad29f804cad9c8475aa1b3e9e0d,18.96348750274705,72.83098459971492
61e55fd28aa44c639a578aee55a26583,19.07724122656829,72.88068201295805
adac359641f44f818d2ebc3add95dddf,19.19700349193533,72.82162947200585
c7bfb8d976bb4036ad3d9a9202dbe0d7,18.96654549401343,72.84650630105452
14512ccc5bd640569080fe41ea678bc8,19.06845953377224,72.87994922319201
abf5d1a6bcde40d883086677b478d370,19.01754458422495,72.81905807872688
d15308fbe9374a92a408c1dad5364a0f,19.08880801981999,72.89366247293003
15b92b3929474a33924b67a335c2e348,19.17624769790309,72.86790399039066
3e379a4a1f7f4fd1a144fbe04aa95269,18.96627254683592,72.81261419545214
df43624c487d408a9e3251132482d9c6,18.96481070009375,72.81128709951503
b56796fc61a74b2f8b57fd75db1e2d7c,18.96428769797326,72.81579278067214
2249fee82740468892c83dcaaa4bb234,18.96170459791564,72.83455537058657
d50f5aa6ad5c4c48b371133ec2360001,18.94999470045629,72.82329779892072
dfbf4dc44b094296a56266150d33256a,18.95854357177087,72.83701800338875
ee54eeb687ff4b1aa96e2f9c54322b0e,18.95581873980234,72.83170594325765
881f2799f9a64e50990e505a0c3f3519,19.24373489399126,72.84790500130553
7c5f87265e38465cbae0c4560b1f1358,18.95722170072738,72.82639770037575
53320e26b89a496bb990359113b9ae5e,18.95371731230064,72.83379650503205
12c4d07c91cf4a82a84dd956b6e69233,19.05430541895303,72.8335676676619
16bba3efc98441578f528812d855b37e,19.06673682362068,72.91874730159053
aac41936390944eba1d3e656e924868c,19.07045983273889,72.88440876569665
3f0d7d0ea6354f7991c4a9e5651c3c82,18.99219662184117,72.81810516671031
a43e59c5effb472c8c454562757448ec,19.13483348957451,72.86007485193495
e3ca92dd3ae2441992c7cad211f49cb9,19.12611395329413,72.84809110081648
cb8295c6baa54fb5ab5e3a9df208e718,19.00826370676675,72.8467899552739
1c2c68daaed44dc88332731603c8455d,19.014441758102,72.84283575815255
e992fc40fdbf41a9978e473f34ec4578,19.1054448851514,72.86005493244238
5a3541ef8c3b44e6aada0fca0da7f4d4,19.12565764283596,72.88388967718569
7a4914d2e4b343b78530c6fa340edb6b,19.01040865595671,72.82458414918285
90f1f551d7ca413e9c2f399995cb3e88,19.08335845453444,72.88161523094853
b8e635530d564040b30c8b327f78332f,19.00218609656497,72.8218707420464
aaa2510a370d4591bd01acd2ac506749,18.99626048305448,72.81482888043143
468505fd40174debba2af2850d460b18,19.00349502406569,72.82764953105583
690f60a989e64f6fa07fdba17b32a3f8,19.14232417458226,72.84083679347636
f26338834d0449cc9b668b52934ceccc,18.9861379567609,72.82723845533846
6fe0b5763d0049df9b63e5b5e7832afe,19.12030672556815,72.84589908001354
88448cc0b1604298ae45c33a90c09e4b,19.1438143235692,72.84215647999565
8c595d32d8ca44af916d37277478d4ae,19.152122172937,72.82802751522046
5e768c0714a44fd4a362a2172aa42557,19.14139618192999,72.8357076746701
3b0d4cce6de043d593e298062f58132f,19.10940817008933,72.83013479959206
bcd1fd3529d7421eb721e310c766d8ac,19.00855350677077,72.83484827347749
0c8697c0d0a14d87b865037337450e17,19.00972574341402,72.82980109814788
5579037b1cba44a1b7d8ba02deaae551,19.01149667888298,72.82578022054159
2a99d352fd8f4b31a45dab658f25d126,19.01595917144568,72.82937572223527
c7e0a2417e254a05973717bc92ef2a39,19.0171681145523,72.82655398727022
25d767c505d541c68034b74288e64fd1,19.01245929740808,72.82846416293374
648ead974ff8418a98df51250d7192a7,19.01239957080266,72.83021300585361
c338737458f14d90b3b6e9bfafcd6c6f,19.00000241760243,72.82147289780036
29c4e59d97b74877975cf361f31f1890,19.15668789426761,72.84568018524112
02aeccee3b4f4dc9966865e6b84e23b7,18.95971000161665,72.83315579981671
a61f88f4d3224aec9f48d51d5c272877,19.05515555555556,72.84276388888888
016a28da4bfe454189399dbeb6d1c22b,19.08574722222222,72.8448361111111
da74d3ba4968416f8081eb9d46184d48,19.05675833333334,72.84176388888888
4f0c7c0b225d44d390c81d442dbda6e2,19.05524444444444,72.83092222222221
626ecaa454ee4fa297cf597da8bc8790,19.0647,72.85949722222222
77bb227a05a24213b2ad0d021f463227,19.06745,72.84631944444443
ac646976fcbc49b0b66887bafa03b78d,19.05641111111111,72.84412499999999
0475c9a55b414f138590d09177e67e7b,19.13468055555556,72.85989166666666
3acdbba3724c49aaa061ab10747640b6,19.09795833333333,72.85079444444443
196d0796578948bdb2d94586b463042e,19.10656388888889,72.86858888888888
c349fafbdefc499abf67f6042393c050,19.11530833333334,72.85383611111111
94406034cf194236a38c34ec29555c64,19.11156111111111,72.84957777777777
70c0e33c2c9f4903a743b417a913c920,19.12399183997624,72.85027037811345
65fef1ddf125460d9bc83314acf85a66,19.10033611111111,72.84599166666666
c492648dbf184a30b1099ed7f6e118ed,19.14522777777778,72.84733888888888
7d31349cff9f4f918661471ef2840c19,19.07038888888889,72.87995555555555
a2fe6fab88594933827b4c8c486e30b0,19.07611944444444,72.8788861111111
16455f2a60cf4c21bee59832c7c44660,19.07444722222222,72.88048055555555
7ffe2aa6d2594fe3af590e5d24bd68d1,19.07056666666667,72.88114166666666
f4e7e9d3f33b4323ad559056fe4ea41b,19.07529444444445,72.87358611111111
bdfdc5285c3f4ec88ef7512caeea4bea,19.06301388888889,72.88560277777779
b20b2e7b0c864763a5810079632cb63e,19.06934722222222,72.88129444444444
cea504979c6948d0bb35ffe8c044c8dd,19.07038055555556,72.88439722222223
044db8de1fdd44358944fded80d7a61c,19.07538888888889,72.88315833333333
4236aa3711354b709ceb2ba40feb0dbc,19.08418333333333,72.87963055555555
d6e7af37ffb74400896ceee80799feac,19.07345277777778,72.88125833333332
95bcd99f42cc45029b93041bd606a76a,19.07794722222222,72.8817
0638f8bd76be4c0fb4561ed10f73264f,19.08295833333333,72.88159999999999
99b26f29d582474fa848468848151773,19.06064444444445,72.88725833333334
80e69c0b23334ae490db9018f25fdb3d,19.06842222222222,72.87994444444443
a3ef9221bc484c2ab6a272578e88bb5d,19.08861388888889,72.89437222222223
c4ffd75c999b4165b0b546fba22cbdfc,19.05531388888889,72.87068888888888
03b4a1124bda4bf89bafcf6de75e1dbc,19.07719166666667,72.88201388888888
1296a16c202f48e68c2cad3118b467d6,19.06685555555556,72.8983388888889
86808ab912a7441f964f377630fcc5d7,19.18583055555556,72.84183888888889
58a5747bfc564214b90cd2f2b29447f5,19.18166944444445,72.84060833333334
c9f4e34a63d4460fa188b38688d2cb22,19.18349722222222,72.860225
b33d6bc29d3d4aa5a949f792590bee86,19.16321944444444,72.83446944444444
0f0df27fc9de4b9c811a83dcb70e1211,19.15335,72.88556944444446
16b46fc3c4e24ba08bc0646582d914ef,19.20050555555556,72.84860277777777
06d3e7d22cca4823b9352fde6fb65f0c,19.20198333333333,72.82565555555556
5046689da60946e8b3435127ce16ebce,19.16726666666667,72.95730555555556
59cca7dfbfe645c9b0fd58fd71ff14c9,18.9592588,72.827604
15d5f2ad2c50460aa60c82dfe6821aed,18.9151653,72.82994599999999
c8ad12ceee55466bbce1f4b5c0cb57f2,18.92346139142684,72.83336606011292
1ca447efd41f4ade88f83a71b25fbc1c,18.92192164805819,72.8252629324568
c8e0290e8b53495cb4025ff5320a5b25,18.95070823981872,72.82112684658343
df68d9c8e1e0474e8b18158ec94aa547,18.9382633771475,72.83736535678327
c1580226dc8c4a0a90ef09334898324a,18.949316,72.8292431
bd8c20dccedd4a0d8340d5293b2faf5e,18.9523941,72.8030381
f65a520b2c3d41cda46604227f058299,18.95123939563695,72.80247436955051
eab03045afe5447a8bb83b1812db5192,18.9630285,72.8133971
54817b74a0804a55a2894ce094d6a958,18.9735575,72.80876169999999
8f355892d7e24d569805e7c3e989054b,18.94819640601052,72.79640671747708
94283fdebd904172b514ba2c66cdd4f2,18.9674257,72.8235318
c05f5e9003b04d0d8125345babbc469d,18.97766003089335,72.81071188863162
96b3245cf8ea4c5384e5338c0faf8694,18.9535107,72.7973967
fc29c962d4804f17b3269f5de246feb3,18.9681186,72.8292522
9c5a34a2cca54bb085de19174ebd55b4,18.9881006,72.83415269999999
56adf31252e14ab7b8ce162b41aa6ae1,18.97686248992763,72.82774369678222
63299e126edc425b9948f40f618d0351,18.9834974,72.8395609
953ca22349a64b6a8b33fe20ce0b8439,18.9658907,72.8306593
6451b166c44041c98878199aef349426,18.9780203,72.8282842
96c44aab4b1745ddbf763705ca01b708,18.9885662,72.83493
f355d2c75787443a97607415c2f36586,19.01330763299244,72.85211919088238
cc5767a0ecb84e4cb344e367e454e16c,19.0247994,72.8665497
3e67b790be764c34a1df9a9e3c6d026d,19.0052085,72.8484762
e1691f7aa4ed45b9bc34833b5ee7600f,18.99896837015305,72.85375120691539
3d929a72cc034b87a39f609abc51b2d0,19.0026705,72.8533941
348ac9b4504c46f1855d0a4ccd26ad77,19.0082363,72.8467897
bccdd88075cb40768bb2d83b59eadf15,19.0143453,72.8428319
b3afa77d1604423caaf3ccdeb1cdabe6,19.0025407,72.8265301
9e8fddac1b3144489f4b0982cb4c485f,19.0185886,72.8188249
b30de7a49e5841dc99a265f8a124be59,18.98527209328602,72.82696351519593
035a2d0405a641a098b4855fdcd69243,18.9960186,72.8322386
11ecec6954804e978b977df8715e5a54,19.0136672,72.8265078
e027b3b2dced4ef0afa1a6db0a86c876,19.001171,72.817256
ec138f638728434eb960e08e72638e4d,19.0808,72.8567973
3d7a0eaa2cd0413ead688074f9886b7a,19.06060011700896,72.85043992149176
072e1476b89d47ddb3440b4b00a82fb9,19.06058966941793,72.85043275987861
5f2b548ed2c041598ae8888ff55ad82f,18.96306666666667,72.81490277777777
23eff123238644929084fd0e169bb910,18.97201944444444,72.81515277777777
f309d9a972864741b36f00f4f198df6b,18.96426388888889,72.82742777777777
29c320bc7f8c47bf87b6f39fc011063e,18.96103055555556,72.82606388888888
92a33e29e4304e0fa1765d0992e85acf,18.96598611111111,72.81353888888889
52bc7da9e329433b8941c1676b0d02e7,18.96694444444444,72.80754722222223
d47586305a5543168faf1ee4c5ca1b4f,18.96927777777778,72.82545555555555
745bd91adfad4695a7eb3a4e9a8ade76,18.97293611111111,72.80722777777777
9e9ba48bf7064ecf9ec73e5fb13835dd,18.97369587861006,72.81482896396415
3a3e59a016d84f6e9fda4633e19620cf,18.98755555555556,72.8336861111111
dd6fcbdfac7c4c96be98c020302da9b1,18.97191388888889,72.8321111111111
ab3afd8b01d94c65b8a40809c0934af2,18.98360833333333,72.83419166666665
e9033d279e944478b6be46873f2c608a,18.97253055555555,72.82932222222222
7e5f04fe234c47de8dfc238af8f66eb1,18.96689444444444,72.84080555555555
5821636b794b4adb91f5e0c57791bc79,19.01413055555556,72.8620111111111
4f0f8680fe2d4a50908524cf7c312c59,19.02626111111111,72.8721611111111
0868ea17293c49dea0bff6853b8fd223,19.00627222222222,72.84681944444444
d44a1a6e6fcb4546909d5880ca423dcd,18.99669166666667,72.84927777777777
f278f11de9894f34808cd949cdd3387d,19.00576666666667,72.84571944444444
023f1e2f388f423796440603b035969d,19.00147222222222,72.85279999999999
6098dcdaaded46a6ae614e6a955fe436,18.99362222222223,72.83183333333334
4d0adc5cd4e94fddb81d10594145e018,18.99535,72.82621666666667
faf06511cc7f43ffaa8e269cd95d0062,18.98544444444445,72.82926388888889
a7ba7e08008f415abb5495c57a5c17dc,19.06078611111111,72.84973333333333
e0ccc769a15848c987e26c14065ee521,19.10005555555556,72.86794722222221
a15cbe6206c5444c83549b5dfedc0d47,19.09516388888889,72.88785833333334
3d993048a37e45db9480fbb2133781be,19.06534166666667,72.90718333333334
008f2798e04a4eaeb318b6a25d99a41a,19.09374722222222,72.90226944444446
aac92553240040318ca79c1cbb492b16,19.07239722222222,72.90846111111112
bb8c33726d6e48bba02658f916b7e604,19.08761388888889,72.90238055555557
6bb7a215349c41c59cb5d755c374c543,19.08457222222222,72.91007777777779
8729d5edab074b7a973756cdb1bf0fd4,19.178875,72.86304444444444
5e1811d2cbfe4089a76c36e9e130accc,19.17595,72.87313611111111
3d4bf459f6c7491aac881148e69852ab,19.22093333333333,72.86094166666666
dc4b9b3b0a5d424a9988194295785c7c,19.11861944444445,72.93453055555555
f8959d7fb38a433f9ecbe2d017c8f690,18.92285,72.82682
390cd11018204adc84fe832ae0487a54,18.956139999999998,72.84039
fc83fc8e866649cfb6c289ee869a65b6,18.94915,72.82717
655351dfe07148ab81278f32d20ed9e3,18.963929999999998,72.81111999999999
dfa15401f7ff4fc496dea5282e4a97be,18.97456,72.83592
5809c3e91a844d24848f920f2e63974f,18.999879999999997,72.84897
1d31f3038aec422d9f3cc17bb19ae38e,18.99745,72.82228
3b95bffc43f24df1a43bb44aeb4d1017,19.029020000000003,72.86528
89f2e73b44a74afa93fb6daa5f806632,19.03388,72.84433
7fc08a5077684727a79dab851f165a3f,19.089370000000002,72.92416
619e9bc4095a4f19b7e1ea39ff0ca740,19.23045,72.83735
8834cc29d03d4605813ac91dc9c1a3a9,19.13349,72.93171
6f7bb98ed95744e68aa72be57f947791,19.17792,72.92313
f39a0138a6cd4113b8cb30a24c56edc7,19.12733,72.83181
e36e1c97e71a4ae995fbeff0a5216fb5,19.25411,72.85721
bcfb831b766c4f68b73221324dcdd292,19.04102,72.92484
0469f37e13544b9daf45c07c5fa68e0f,19.02747,72.88854
b16db407a6184598915e83ccf6396e61,19.06942,72.85592
872c26731cc54025a99f15734d95d0c2,19.11338,72.86425
ba79eea37f8347ee9a3df5f885e4ffc1,19.16041,72.85515
cb08d17e9ff24c988e4514059168796d,19.18733,72.81258000000001
bfcdac2899914d219a6af40ee233939c,19.20354,72.86236
9ffe302c282f4a36a039a749f885a5ef,19.06544,72.83051
d304a679c76c4ee596d0180ba25061f0,19.09035,72.88605
